{"cameraMode":{"drawMode":0,"name":"Shaded","section":"Shading Mode"},"sceneLighting":true,"audioPlay":false,"sceneViewState":{"m_AlwaysRefresh":false,"showFog":true,"showSkybox":true,"showFlares":true,"showImageEffects":true,"showParticleSystems":true,"showVisualEffectGraphs":true,"m_FxEnabled":true},"in2DMode":false,"pivot":{"x":-4.195452690124512,"y":1.6148507595062256,"z":-34.87394332885742},"rotation":{"x":0.17143476009368897,"y":0.11081734299659729,"z":-0.01903347671031952,"w":0.9789572358131409},"size":0.8084040284156799,"orthographic":false}